NR_051986	DDX11L5	chr9	11986	14525	11984
NM_182905	WASHC1	chr9	14510	29739	14508
NR_036051	MIR1302-2	chr9	30143	30281	30141
NR_036266	MIR1302-9	chr9	30143	30281	30141
NR_036267	MIR1302-10	chr9	30143	30281	30141
NR_036268	MIR1302-11	chr9	30143	30281	30141
NR_026822	FAM138C	chr9	34393	35864	34391
NR_121188	PGM5P3-AS1	chr9	72689	75294	72687
NM_207305	FOXD4	chr9	116230	118417	116228
NM_001145355	CBWD1	chr9	121037	179075	121035
NM_152569	C9orf66	chr9	213107	215893	213105
NM_203447	DOCK8	chr9	214864	465259	214862
NM_001256876	KANK1	chr9	470290	746106	470288
NM_021951	DMRT1	chr9	841689	969090	841687
NM_021240	DMRT3	chr9	976967	991732	976965
NR_110643	LINC01230	chr9	1048142	1048640	1048140
NM_006557	DMRT2	chr9	1050345	1057554	1050343
NM_001289397	SMARCA2	chr9	2015218	2193623	2015216
NR_015375	VLDLR-AS1	chr9	2535654	2622373	2535652
NM_001018056	VLDLR	chr9	2621773	2656103	2621771
NM_133497	KCNV2	chr9	2717525	2730037	2717523
NM_014878	PUM3	chr9	2804154	2844130	2804152
NR_121585	LINC01231	chr9	3181588	3200500	3181586
NM_001282116	RFX3	chr9	3218296	3526001	3218294
NR_121586	RFX3-AS1	chr9	3668085	3691756	3668083
NM_001042413	GLIS3	chr9	3824127	4300035	3824125
NR_026663	GLIS3-AS1	chr9	3898645	3901248	3898643
NM_004170	SLC1A1	chr9	4490426	4587469	4490424
NR_148444	SPATA6L	chr9	4588820	4666449	4588818
NM_203453	PLPP6	chr9	4662293	4665272	4662291
NR_121597	CDC37L1-DT	chr9	4676600	4679480	4676598
NM_017913	CDC37L1	chr9	4679552	4708398	4679550
NM_001199852	AK3	chr9	4709556	4741309	4709554
NM_001286699	RCL1	chr9	4792833	4861077	4792831
NR_029836	MIR101-2	chr9	4850296	4850375	4850294
NM_001322194	JAK2	chr9	4985085	5128183	4985083
NM_007179	INSL6	chr9	5163862	5185618	5163860
NM_002195	INSL4	chr9	5231418	5233967	5231416
NM_001329191	RLN2	chr9	5299865	5304228	5299863
NM_006911	RLN1	chr9	5334931	5339873	5334929
NM_018465	PLGRKT	chr9	5357966	5437937	5357964
NM_001267706	CD274	chr9	5450502	5470567	5450500
NM_025239	PDCD1LG2	chr9	5510544	5571282	5510542
NM_001135920	RIC1	chr9	5629118	5769454	5629116
NM_024896	ERMP1	chr9	5784571	5833081	5784569
NM_005511	MLANA	chr9	5890908	5909822	5890906
NM_001017969	KIAA2026	chr9	5919007	6008003	5919005
NR_039811	MIR4665	chr9	6007825	6007904	6007823
NM_001243202	RANBP6	chr9	6011018	6015640	6011016
NM_001314044	IL33	chr9	6215148	6257983	6215146
NM_001001874	TPD52L3	chr9	6328348	6331900	6328346
NM_152896	UHRF2	chr9	6413150	6507051	6413148
NM_000170	GLDC	chr9	6532463	6645692	6532461
NM_001146696	KDM4C	chr9	6720862	7077264	6720860
NM_001318058	DMAC1	chr9	7796490	7799806	7796488
NM_001040712	PTPRD	chr9	8314245	8733946	8314243
NR_121599	PTPRD-AS1	chr9	8858017	8861727	8858015
NR_135135	LOC105375972	chr9	9799391	9803787	9799389
NR_110696	PTPRD-AS2	chr9	10613205	10620420	10613203
NM_000550	TYRP1	chr9	12693385	12710266	12693383
NR_125775	LURAP1L-AS1	chr9	12699998	12814388	12699996
NM_203403	LURAP1L	chr9	12775011	12823059	12775009
NR_132976	SNORD137	chr9	12972555	12972632	12972553
NM_001261406	MPDZ	chr9	13105702	13279563	13105700
NR_033863	LINC01235	chr9	13406378	13431328	13406376
NR_038194	LINC00583	chr9	13927969	13945606	13927967
NM_001190737	NFIB	chr9	14081841	14314045	14081839
NM_001354118	ZDHHC21	chr9	14611068	14693544	14611066
NM_005454	CER1	chr9	14719731	14722715	14719729
NM_001177704	FREM1	chr9	14734663	14779531	14734661
NR_003920	LOC389705	chr9	14993324	15019722	14993322
NM_001168339	TTC39B	chr9	15170841	15307358	15170839
NM_001039697	SNAPC3	chr9	15422781	15461627	15422779
NM_001128217	PSIP1	chr9	15464064	15511017	15464062
NM_001348002	CCDC171	chr9	15553004	15974037	15553002
NM_001271829	C9orf92	chr9	16203932	16253105	16203930
NM_001317939	BNC2	chr9	16409500	16870786	16409498
NR_151723	BNC2-AS1	chr9	16726811	16727522	16726809
NM_001114395	CNTLN	chr9	17134988	17302049	17134986
NM_003026	SH3GL2	chr9	17578951	17797126	17578949
NM_001040272	ADAMTSL1	chr9	18474078	18910947	18474076
NR_036107	MIR3152	chr9	18573303	18573377	18573301
NM_001287049	SAXO1	chr9	18927657	19049352	18927655
NM_006570	RRAGA	chr9	19049371	19051021	19049369
NM_001270890	HAUS6	chr9	19053134	19102940	19053132
NR_003009	SCARNA8	chr9	19063653	19063784	19063651
NM_001122	PLIN2	chr9	19115758	19127604	19115756
NM_001330640	DENND4C	chr9	19230487	19374266	19230485
NM_001010	RPS6	chr9	19376253	19380235	19376251
NM_001010887	ACER2	chr9	19408924	19452500	19408922
NM_001193288	SLC24A2	chr9	19507449	19787017	19507447
NM_001286691	MLLT3	chr9	20341662	20621986	20341660
NR_039684	MIR4473	chr9	20411145	20411236	20411143
NR_039685	MIR4474	chr9	20502262	20502340	20502260
NM_017794	FOCAD	chr9	20658307	20995954	20658305
NR_121601	FOCAD-AS1	chr9	20683300	20684749	20683298
NR_030166	MIR491	chr9	20716103	20716187	20716101
NR_145762	SNORA30B	chr9	20786925	20787054	20786923
NM_001010915	HACD4	chr9	21003622	21031674	21003620
NM_002176	IFNB1	chr9	21077103	21077962	21077101
NM_002177	IFNW1	chr9	21140630	21141900	21140628
NM_002175	IFNA21	chr9	21165635	21166659	21165633
NM_021068	IFNA4	chr9	21186617	21187598	21186615
NM_021057	IFNA7	chr9	21201467	21202204	21201465
NM_002171	IFNA10	chr9	21206179	21207142	21206177
NM_002173	IFNA16	chr9	21216371	21217310	21216369
NM_021268	IFNA17	chr9	21227241	21228221	21227239
NM_002172	IFNA14	chr9	21239200	21239978	21239198
NR_036676	IFNA22P	chr9	21277686	21278562	21277684
NM_002169	IFNA5	chr9	21304612	21305312	21304610
NM_018847	KLHL9	chr9	21329669	21335431	21329667
NM_021002	IFNA6	chr9	21350316	21350886	21350314
NM_006900	IFNA13	chr9	21367370	21368075	21367368
NM_000605	IFNA2	chr9	21384253	21385396	21384251
NM_002170	IFNA8	chr9	21409145	21410184	21409143
NM_024013	IFNA1	chr9	21440452	21441315	21440450
NR_027054	MIR31HG	chr9	21454266	21559797	21454264
NM_176891	IFNE	chr9	21480838	21482312	21480836
NR_029505	MIR31	chr9	21512113	21512184	21512111
NM_002451	MTAP	chr9	21802634	21865969	21802632
NR_024274	CDKN2A-DT	chr9	21967137	21967753	21967135
NM_000077	CDKN2A	chr9	21967750	21975132	21967748
NR_003529	CDKN2B-AS1	chr9	21994789	22121093	21994787
NM_004936	CDKN2B	chr9	22002901	22009312	22002899
NM_022160	DMRTA1	chr9	22446839	22452472	22446837
NR_038977	LINC01239	chr9	22646198	22824212	22646196
NR_121602	LOC101929563	chr9	23500688	23672397	23500686
NM_001171195	ELAVL2	chr9	23690102	23821843	23690100
NM_001271706	IZUMO3	chr9	24543212	24545674	24543210
NM_001004125	TUSC1	chr9	25676386	25678856	25676384
NR_121604	LINC01241	chr9	25780053	25812966	25780051
NM_001004352	LOC100506422	chr9	26066672	26118406	26066670
NM_001167575	CAAP1	chr9	26840682	26892826	26840680
NM_001031689	PLAA	chr9	26903367	26947468	26903365
NM_001099223	IFT74	chr9	26946987	27066132	26946985
NR_121605	IFT74-AS1	chr9	26955777	26956305	26955775
NM_022901	LRRC19	chr9	26993134	27005691	26993132
NM_000459	TEK	chr9	27109138	27230176	27109136
NR_026679	LINC00032	chr9	27245681	27282791	27245679
NM_001161585	EQTN	chr9	27284653	27297137	27284651
NM_024761	MOB3B	chr9	27325206	27529850	27325204
NM_020124	IFNK	chr9	27524311	27526496	27524309
NM_001256054	C9orf72	chr9	27546543	27573864	27546541
NM_001258282	LINGO2	chr9	27937618	29213965	27937616
NR_030597	MIR876	chr9	28863623	28863704	28863621
NR_030618	MIR873	chr9	28888876	28888953	28888874
NR_046204	LINC01242	chr9	30388932	30408452	30388930
NR_135134	LINC01243	chr9	31371608	31381488	31371606
NM_001278352	ACO1	chr9	32384600	32450832	32384598
NM_014314	DDX58	chr9	32455299	32526322	32455297
NM_001195622	TOPORS	chr9	32540541	32552626	32540539
NM_001349118	SMIM27	chr9	32551141	32553015	32551139
NM_001199987	NDUFB6	chr9	32553523	32573182	32553521
NM_153809	TAF1L	chr9	32629451	32635667	32629449
NM_212558	TMEM215	chr9	32783496	32789199	32783494
NM_001195248	APTX	chr9	32972603	33001639	32972601
NM_001314039	DNAJA1	chr9	33025200	33039906	33025198
NM_018225	SMU1	chr9	33041849	33076714	33041847
NM_001497	B4GALT1	chr9	33110638	33167356	33110636
NR_108109	B4GALT1-AS1	chr9	33166945	33179981	33166943
NM_014471	SPINK4	chr9	33240161	33248565	33240159
NM_001172415	BAG1	chr9	33252469	33264759	33252467
NM_001195536	CHMP5	chr9	33264876	33282067	33264874
NM_001318758	NFX1	chr9	33290414	33371161	33290412
NM_001170	AQP7	chr9	33384947	33402680	33384945
NM_001318144	AQP3	chr9	33441151	33447631	33441149
NM_022917	NOL6	chr9	33461350	33473941	33461348
NR_106910	MIR6851	chr9	33467866	33467933	33467864
NR_003667	SUGT1P1	chr9	33504534	33511164	33504532
NM_001353432	ANKRD18B	chr9	33524410	33575440	33524408
NR_003573	ANXA2P2	chr9	33624222	33625532	33624220
NR_023917	PTENP1	chr9	33673501	33677418	33673499
NR_103745	PTENP1-AS	chr9	33677265	33688008	33677263
NR_109755	LINC01251	chr9	33732972	33738414	33732970
NM_001197097	PRSS3	chr9	33750463	33799229	33750461
NM_017811	UBE2R2	chr9	33817181	33920401	33817179
NM_001282529	UBAP2	chr9	33921690	34048947	33921688
NR_102370	SNORD121B	chr9	33934294	33934373	33934292
NR_003685	SNORD121A	chr9	33952761	33952852	33952759
NM_015397	DCAF12	chr9	34086380	34126771	34086378
NM_001171201	UBAP1	chr9	34179002	34252521	34179000
NM_194313	KIF24	chr9	34252377	34329247	34252375
NM_001161	NUDT2	chr9	34329503	34343711	34329501
NM_020702	MYORG	chr9	34366663	34376894	34366661
NM_001252195	C9orf24	chr9	34379016	34381598	34379014
NM_001184940	FAM219A	chr9	34398181	34458568	34398179
NM_001281428	DNAI1	chr9	34458749	34520987	34458747
NM_198573	ENHO	chr9	34521039	34523037	34521037
NM_001207011	CNTFR	chr9	34551429	34590138	34551427
NR_024369	CNTFR-AS1	chr9	34568009	34583070	34568007
NM_148178	RPP25L	chr9	34610481	34612110	34610479
NM_001281425	DCTN3	chr9	34613541	34620520	34613539
NM_001017363	ARID3C	chr9	34621454	34628011	34621452
NM_001282205	SIGMAR1	chr9	34634718	34637823	34634716
NM_000155	GALT	chr9	34646585	34650595	34646583
NM_001142784	IL11RA	chr9	34652181	34661898	34652179
NM_006664	CCL27	chr9	34661879	34662689	34661877
NM_001320037	LOC730098	chr9	34664159	34666053	34664157
NM_006274	CCL19	chr9	34689566	34691274	34689564
NM_002989	CCL21	chr9	34709001	34710164	34708999
NM_001141917	FAM205A	chr9	34723049	34729535	34723047
NR_024481	FAM205BP	chr9	34830263	34838583	34830261
NM_001309426	FAM205C	chr9	34889060	34895775	34889058
NM_001304333	PHF24	chr9	34957483	34982541	34957481
NR_109756	DNAJB5-DT	chr9	34985408	34989376	34985406
NM_001135004	DNAJB5	chr9	34989637	34998430	34989635
NM_001040411	C9orf131	chr9	35041091	35045988	35041089
NM_001354927	VCP	chr9	35056062	35072665	35056060
NM_004629	FANCG	chr9	35073834	35080013	35073832
NM_001201484	PIGO	chr9	35088684	35096546	35088682
NM_001287031	STOML2	chr9	35099772	35103192	35099770
NM_001317991	FAM214B	chr9	35104117	35111371	35104115
NM_001330653	UNC13B	chr9	35161965	35405335	35161963
NR_003581	ATP8B5P	chr9	35406751	35483026	35406749
NM_001330740	RUSC2	chr9	35489829	35561895	35489827
NM_001099951	FAM166B	chr9	35561826	35563896	35561824
NM_001318230	TESK1	chr9	35605280	35610038	35605278
NR_039813	MIR4667	chr9	35608090	35608156	35608088
NM_001782	CD72	chr9	35609975	35618424	35609973
NR_135130	LOC101926948	chr9	35646266	35647472	35646264
NM_014450	SIT1	chr9	35649296	35650947	35649294
NR_003051	RMRP	chr9	35657747	35658015	35657745
NM_001195200	CCDC107	chr9	35658286	35661500	35658284
NM_032818	ARHGEF39	chr9	35659340	35665278	35659338
NM_001216	CA9	chr9	35673914	35681154	35673912
NM_001301226	TPM2	chr9	35681989	35690053	35681987
NM_006289	TLN1	chr9	35697333	35732392	35697331
NR_106911	MIR6852	chr9	35710672	35710738	35710670
NM_006368	CREB3	chr9	35732316	35737005	35732314
NR_106912	MIR6853	chr9	35732918	35732992	35732916
NM_001330660	GBA2	chr9	35736858	35749233	35736856
NM_001080496	RGP1	chr9	35749276	35753264	35749274
NM_001044264	MSMP	chr9	35752987	35754274	35752985
NM_003995	NPR2	chr9	35792405	35809728	35792403
NM_172312	SPAG8	chr9	35807781	35812259	35807779
NM_032593	HINT2	chr9	35812956	35815042	35812954
NM_001012446	FAM221B	chr9	35817013	35828744	35817011
NM_001042589	TMEM8B	chr9	35829221	35854844	35829219
NR_024006	LINC00950	chr9	35860270	35865515	35860268
NM_001004487	OR13J1	chr9	35869459	35870398	35869457
NM_001039792	HRCT1	chr9	35906188	35907138	35906186
NM_001348107	SPAAR	chr9	35909479	35911617	35909477
NM_019897	OR2S2	chr9	35957104	35958151	35957102
NM_001316345	RECK	chr9	36036909	36124452	36036907
NM_001287010	GLIPR2	chr9	36136532	36163910	36136530
NM_005893	CCIN	chr9	36169388	36171331	36169386
NM_001076677	CLTA	chr9	36190852	36212059	36190850
NM_001128227	GNE	chr9	36214438	36277053	36214436
NM_022781	RNF38	chr9	36336398	36400296	36336396
NM_001256685	MELK	chr9	36572858	36677680	36572856
NR_039686	MIR4475	chr9	36823535	36823596	36823533
NM_001280547	PAX5	chr9	36833271	37034476	36833269
NR_039766	MIR4540	chr9	36864250	36864305	36864248
NR_039687	MIR4476	chr9	36893458	36893528	36893456
NR_036592	EBLN3P	chr9	37079892	37090398	37079890
NM_001289119	ZCCHC7	chr9	37120468	37358145	37120466
NM_012203	GRHPR	chr9	37422706	37436986	37422704
NM_014872	ZBTB5	chr9	37438099	37465407	37438097
NM_001282766	POLR1E	chr9	37485931	37503694	37485929
NM_012166	FBXO10	chr9	37510888	37576250	37510886
NM_001001790	TOMM5	chr9	37588411	37592636	37588409
NM_014907	FRMPD1	chr9	37651051	37746901	37651049
NM_001286950	TRMT10B	chr9	37753799	37778969	37753797
NM_001002269	EXOSC3	chr9	37779710	37785089	37779708
NM_001286810	DCAF10	chr9	37800550	37867665	37800548
NR_024872	SLC25A51	chr9	37877571	37904350	37877569
NM_003028	SHB	chr9	37915894	38069210	37915892
NM_000692	ALDH1B1	chr9	38392660	38398662	38392658
NM_001007563	IGFBPL1	chr9	38406524	38424444	38406522
NR_047651	FAM95C	chr9	38540563	38545369	38540561
NM_001331100	ANKRD18A	chr9	38571360	38620657	38571358
NR_027294	FAM201A	chr9	38621084	38623277	38621082
NM_033655	CNTNAP3	chr9	39072763	39288300	39072761
NM_001085452	SPATA31A1	chr9	39355665	39361959	39355663
NR_026803	FAM74A1	chr9	39371061	39376913	39371059
NR_003528	ZNF658B	chr9	39443813	39464526	39443811
NR_135122	LOC105379450	chr9	40683818	40685916	40683816
NM_001083124	SPATA31A3	chr9	40700290	40706537	40700288
NR_026801	FAM74A3	chr9	40715523	40722679	40715521
NR_134255	ZNF658	chr9	40760699	40789480	40760697
NM_001113541	SPATA31A5	chr9	41321106	41327364	41321104
NM_015667	SPATA31A7	chr9	41321109	41327364	41321107
NR_110999	FAM74A6	chr9	41516053	41521999	41516051
NR_126046	GLIDR	chr9	41948513	41955177	41948511
NR_003670	FGF7P3	chr9	41958801	42019584	41958799
NR_126048	LOC102724238	chr9	42018870	42021260	42018868
NR_126049	LOC554249	chr9	42018874	42020413	42018872
NM_001012421	ANKRD20A2	chr9	42368302	42411410	42368300
NM_001012419	ANKRD20A3	chr9	42368336	42411863	42368334
NR_026759	FAM95B1	chr9	42468588	42474238	42468586
NR_136310	LOC105379252	chr9	42468588	42474238	42468586
NR_121572	GXYLT1P3	chr9	42493516	42498676	42493514
NM_199244	FOXD4L4	chr9	42718065	42719316	42718063
NR_121570	LOC101928381	chr9	42771707	42782614	42771705
NR_135597	LOC101928195	chr9	42817547	42857852	42817545
NR_136299	LOC101929583	chr9	42817547	42857202	42817545
NR_046175	LOC286297	chr9	42844369	42859085	42844367
NR_026558	AQP7P3	chr9	42858151	42893137	42858149
NR_027472	LOC642929	chr9	43140536	43145484	43140534
NR_126166	FAM74A7	chr9	43608372	43615527	43608370
NM_001145196	SPATA31A6	chr9	43624501	43630730	43624499
NM_001201380	CNTNAP3B	chr9	43684884	43922473	43684882
NR_111893	CNTNAP3P2	chr9	43685195	43924057	43685193
NR_131213	XLOC_007697	chr9	44181510	44182719	44181508
NR_121564	LOC101927827	chr9	44384584	44391314	44384582
NR_126050	LOC103908605	chr9	44401769	44403260	44401767
NR_027421	FAM27C	chr9	44990235	44991492	44990233
NR_144466	LOC105379807	chr9	44997715	44998767	44997713
NR_121606	LOC102723709	chr9	45003233	45005290	45003231
NR_148348	LOC107984035	chr9	45441884	45565124	45441882
NR_103714	FAM27E2	chr9	46116942	46118709	46116940
NR_135136	FAM242F	chr9	46163625	46168270	46163623
NR_003674	FGF7P6	chr9	46687556	46746820	46687554
NR_046203	LINC01189	chr9	46763790	46833319	46763788
NR_147619	LOC103908604	chr9	46843862	46854113	46843860
NR_026802	FAM74A4	chr9	65487272	65494386	65487270
NR_121647	LINC01410	chr9	66457288	66469310	66457286
NR_135128	LOC100132249	chr9	66490071	66494170	66490069
NR_024496	PTGER4P2-CDK2AP2P2	chr9	66494268	66503030	66494266
NR_122076	LOC403323	chr9	66513679	66553911	66513677
NR_126047	LOC728673	chr9	66553199	66555601	66553197
NR_002817	AQP7P1	chr9	67270214	67289492	67270212
NR_136300	LOC102724580	chr9	67290450	67334405	67290448
NR_146105	BMS1P14	chr9	67324218	67340165	67324216
NR_103833	FAM27E3	chr9	67784943	67786625	67784941
NR_027422	FAM27B	chr9	67792928	67794189	67792926
NM_032250	ANKRD20A1	chr9	67926760	67969840	67926758
NR_146625	LINC00537	chr9	68408674	68414763	68408672
NR_039688	MIR4477A	chr9	68415307	68415388	68415305
NR_039689	MIR4477B	chr9	68415307	68415388	68415305
NR_033907	FRG1JP	chr9	68427783	68455368	68427781
NR_034006	FRG1HP	chr9	68726464	68748376	68726462
NR_031629	MIR1299	chr9	69002238	69002321	69002236
NR_002836	PGM5P2	chr9	69080243	69147854	69080241
NR_015361	LOC440896	chr9	69174195	69181041	69174193
NM_001085476	FOXD4L6	chr9	69199479	69202204	69199477
NM_001085457	CBWD6	chr9	69204537	69262593	69204535
NM_001286836	CBWD5	chr9	69256633	69262630	69256631
NR_146419	ANKRD20A4-ANKRD20A20P	chr9	69381811	69481660	69381809
NM_001098805	ANKRD20A4	chr9	69381980	69425109	69381978
NR_024443	LOC100133920	chr9	69651360	69664949	69651358
NM_001126334	FOXD4L5	chr9	70175706	70178815	70175704
NM_001291821	CBWD3	chr9	70856860	70914951	70856858
NM_199135	FOXD4L3	chr9	70917782	70920000	70917780
NR_015423	PGM5-AS1	chr9	70970079	70972782	70970077
NM_021965	PGM5	chr9	70971814	71145977	70971812
NM_153237	TMEM252	chr9	71151497	71155783	71151495
NR_109769	LINC01506	chr9	71158456	71161518	71158454
NM_001278253	PIP5K1B	chr9	71320329	71624092	71320327
NM_138333	FAM122A	chr9	71394980	71400482	71394978
NR_110647	LOC101927069	chr9	71568003	71590757	71568001
NM_002732	PRKACG	chr9	71627448	71629039	71627446
NM_000144	FXN	chr9	71650478	71693993	71650476
NM_001170414	TJP2	chr9	71736179	71870124	71736177
NR_047671	BANCR	chr9	71911596	71921972	71911594
NM_001127608	FAM189A2	chr9	71939487	72007390	71939485
NM_001163	APBA1	chr9	72042448	72287275	72042446
NM_001099666	PTAR1	chr9	72324437	72374876	72324435
NR_038833	C9orf135-DT	chr9	72434320	72435655	72434318
NM_001010940	C9orf135	chr9	72435720	72521151	72435718
NM_001347990	MAMDC2	chr9	72658496	72791476	72658494
NR_040076	MAMDC2-AS1	chr9	72768049	72790804	72768047
NR_039990	SMC5-AS1	chr9	72830974	72873790	72830972
NM_015110	SMC5	chr9	72873877	72969789	72873875
NM_001206	KLF9	chr9	72999512	73029573	72999510
NM_001007471	TRPM3	chr9	73149965	73736514	73149963
NR_029621	MIR204	chr9	73424890	73425000	73424888
NM_001135820	CEMIP2	chr9	74298281	74383800	74298279
NM_016014	ABHD17B	chr9	74477367	74526161	74477365
NM_001365053	C9orf85	chr9	74526554	74600983	74526552
NM_001128618	C9orf57	chr9	74666296	74675521	74666294
NM_001242507	GDA	chr9	74729510	74867140	74729508
NR_110952	LINC01504	chr9	74920351	74958126	74920349
NM_001102420	ZFAND5	chr9	74966340	74980163	74966338
NM_138691	TMC1	chr9	75136716	75451267	75136714
NR_121120	LINC01474	chr9	75486644	75489025	75486642
NM_000689	ALDH1A1	chr9	75515577	75568233	75515575
NM_000700	ANXA1	chr9	75766646	75785310	75766644
NR_121182	LOC101927358	chr9	76986446	76998446	76986444
NR_125791	RORB-AS1	chr9	77088350	77113469	77088348
NM_006914	RORB	chr9	77112251	77302117	77112249
NM_001177310	TRPM6	chr9	77337410	77502636	77337408
NM_017998	C9orf40	chr9	77561498	77567802	77561496
NR_121183	C9orf41-AS1	chr9	77567880	77612296	77567878
NM_001320497	CARNMT1	chr9	77595709	77642067	77595707
NM_001330678	NMRK1	chr9	77675492	77703240	77675490
NM_012383	OSTF1	chr9	77703397	77762114	77703395
NR_031679	MIR548H3	chr9	78118511	78338744	78118509
NM_001190482	PCSK5	chr9	78505559	78977255	78505557
NM_018339	RFK	chr9	79000432	79009444	79000430
NR_026890	RPSAP9	chr9	79013514	79014954	79013512
NM_001097634	GCNT1	chr9	79056581	79122332	79056579
NM_001308047	PRUNE2	chr9	79226291	79521003	79226289
NR_015342	PCA3	chr9	79379351	79402485	79379349
NM_001013735	FOXB2	chr9	79634570	79635869	79634568
NR_026668	VPS13A-AS1	chr9	79791671	79792833	79791669
NM_001018037	VPS13A	chr9	79792360	80032399	79792358
NM_004297	GNA14	chr9	80037994	80263232	80037992
NR_121184	GNA14-AS1	chr9	80062564	80141678	80062562
NM_002072	GNAQ	chr9	80331189	80646365	80331187
NM_001098802	CEP78	chr9	80850977	80881991	80850975
NM_021154	PSAT1	chr9	80911990	80945009	80911988
NR_109771	LOC101927450	chr9	81750337	81760581	81750335
NM_001282748	TLE4	chr9	82186687	82341796	82186685
NR_121213	LINC01507	chr9	82439444	82649470	82439442
NM_001303103	TLE1	chr9	84198597	84304450	84198595
NR_109772	LOC101927502	chr9	84304627	84391814	84304625
NR_026851	SPATA31D5P	chr9	84528351	84534842	84528349
NM_001145197	SPATA31D4	chr9	84543342	84549913	84543340
NM_207416	SPATA31D3	chr9	84558414	84565009	84558412
NM_001001670	SPATA31D1	chr9	84603686	84610171	84603684
NM_152573	RASEF	chr9	85594499	85678043	85594497
NM_001244959	FRMD3	chr9	85857904	86153348	85857902
NM_001001551	IDNK	chr9	86237963	86259045	86237961
NM_013438	UBQLN1	chr9	86274877	86323168	86274875
NR_135839	LOC105376114	chr9	86322749	86328408	86322747
NM_001135953	GKAP1	chr9	86354335	86432752	86354333
NM_001271927	KIF27	chr9	86449016	86536459	86449014
NM_001317997	C9orf64	chr9	86553226	86571901	86553224
NM_001318186	HNRNPK	chr9	86582997	86595186	86582995
NR_029605	MIR7-1	chr9	86584662	86584772	86584660
NM_001358294	RMI1	chr9	86595273	86618987	86595271
NR_110995	LOC101927575	chr9	86678357	86709494	86678355
NM_001199633	SLC28A3	chr9	86890764	86955694	86890762
NM_001291937	NTRK2	chr9	87283372	87430623	87283370
NM_001286715	AGTPBP1	chr9	88161453	88356944	88161451
NR_029410	LOC389765	chr9	88420916	88457794	88420914
NM_001321881	NAA35	chr9	88556056	88637205	88556054
NM_016548	GOLM1	chr9	88641057	88714510	88641055
NR_110996	LOC101927623	chr9	88742454	88771987	88742452
NM_001276366	C9orf153	chr9	88835179	88874572	88835177
NM_030940	ISCA1	chr9	88879462	88897490	88879460
NM_001185059	TUT7	chr9	88902647	88969402	88902645
NM_002048	GAS1	chr9	89559276	89562104	89559274
NR_049794	GAS1RR	chr9	89563612	89616948	89563610
NR_027471	LOC440173	chr9	89623365	89657041	89623363
NR_036691	LOC494127	chr9	89698800	89700140	89698798
NM_001001709	C9orf170	chr9	89763558	89774641	89763556
NM_001288731	DAPK1	chr9	90112142	90323549	90112140
NR_146781	DAPK1-IT1	chr9	90168368	90169363	90168366
NM_001257971	CTSL	chr9	90340973	90346384	90340971
NR_027917	CTSL3P	chr9	90387829	90401799	90387827
NR_033405	CTSLP8	chr9	90459659	90462339	90459657
NR_040117	LOC392364	chr9	90472957	90473971	90472955
NR_149022	LOC497256	chr9	90482587	90554175	90482585
NM_178828	SPATA31E1	chr9	90497771	90503814	90497769
NM_001145124	SPATA31C1	chr9	90532876	90538572	90532874
NM_001039803	CDK20	chr9	90581358	90589695	90581356
NR_135137	LOC102724156	chr9	90681349	90692815	90681347
NM_001166137	SPATA31C2	chr9	90744219	90749900	90744217
NM_006717	SPIN1	chr9	91003296	91093622	91003294
NM_001161625	NXNL2	chr9	91150015	91159462	91150013
NR_036252	MIR4289	chr9	91360750	91360820	91360748
NM_001001938	C9orf47	chr9	91605777	91611057	91605775
NM_005226	S1PR3	chr9	91606323	91620069	91606321
NM_016848	SHC3	chr9	91620685	91793682	91620683
NM_001827	CKS2	chr9	91926109	91931618	91926107
NR_036108	MIR3153	chr9	91927139	91927221	91927137
NM_001282688	SECISBP2	chr9	91933387	91974578	91933385
NM_001142287	SEMA4D	chr9	91975705	92094611	91975703
NM_006705	GADD45G	chr9	92219926	92221469	92219924
NR_024280	UNQ6494	chr9	92254697	92334674	92254695
NR_109791	LOC101927847	chr9	92731697	92749768	92731695
NR_038882	MIR4290HG	chr9	92782935	92803781	92782933
NR_036253	MIR4290	chr9	92785722	92785817	92785720
NR_109795	LINC01508	chr9	93063177	93195771	93063175
NR_034157	LINC01501	chr9	93224713	93345028	93224711
NM_017594	DIRAS2	chr9	93372113	93405387	93372111
NM_001135052	SYK	chr9	93563961	93660842	93563959
NR_033912	LOC100129316	chr9	93825575	93837414	93825573
NR_135306	LINC00484	chr9	93881343	93945044	93881341
NM_001306190	AUH	chr9	93976096	94124251	93976094
NM_001289999	NFIL3	chr9	94171326	94186908	94171324
NR_037472	MIR3910-1	chr9	94398532	94398643	94398530
NR_037489	MIR3910-2	chr9	94398548	94398627	94398546
NM_004560	ROR2	chr9	94484877	94712444	94484875
NM_001281303	SPTLC1	chr9	94793415	94877756	94793413
NR_015444	LOC100128076	chr9	94895115	94900911	94895113
NR_027341	LINC00475	chr9	94903748	94921890	94903746
NM_001350291	PRSS47	chr9	94946613	94953438	94946611
NM_002161	IARS	chr9	94972489	95056038	94972487
NR_037424	MIR3651	chr9	95054739	95054829	95054737
NR_003704	SNORA84	chr9	95054742	95054875	95054740
NM_001256394	NOL8	chr9	95059639	95087876	95059637
NM_001012267	CENPP	chr9	95087749	95377437	95087747
NM_014057	OGN	chr9	95145552	95166981	95145550
NM_005014	OMD	chr9	95176526	95186836	95176524
NM_001193335	ASPN	chr9	95218488	95244844	95218486
NM_001197296	ECM2	chr9	95255828	95298374	95255826
NR_039817	MIR4670	chr9	95290265	95290340	95290263
NM_022755	IPPK	chr9	95375465	95432547	95375463
NR_036505	LOC100128361	chr9	95380331	95382817	95380329
NM_001003800	BICD2	chr9	95473644	95527083	95473642
NR_136301	LOC101929748	chr9	95567666	95570369	95567664
NR_026868	ANKRD19P	chr9	95571892	95600739	95571890
NM_001007101	ZNF484	chr9	95606477	95640320	95606475
NR_111003	LOC642943	chr9	95644848	95651837	95644846
NM_001083536	FGD3	chr9	95709600	95798518	95709598
NR_121565	LOC101927954	chr9	95770396	95777226	95770394
NM_001287005	SUSD3	chr9	95820969	95847418	95820967
NM_001318010	CARD19	chr9	95858404	95875577	95858402
NM_004148	NINJ1	chr9	95883770	95896570	95883768
NM_001282394	WNK2	chr9	95947211	96081655	95947209
NM_001098808	C9orf129	chr9	96080480	96108696	96080478
NM_001322224	FAM120AOS	chr9	96208776	96213893	96208774
NM_001286722	FAM120A	chr9	96213977	96328397	96213975
NM_005392	PHF2	chr9	96338908	96441869	96338906
NR_049853	MIR548AU	chr9	96357122	96357176	96357120
NR_036254	MIR4291	chr9	96581638	96581703	96581636
NM_021570	BARX1	chr9	96713908	96717608	96713906
NR_144455	BARX1-DT	chr9	96718115	96720204	96718113
NM_177995	PTPDC1	chr9	96793075	96872138	96793073
NR_029476	MIRLET7A1	chr9	96938238	96938318	96938236
NR_029483	MIRLET7F1	chr9	96938628	96938715	96938626
NR_046163	LINC02603	chr9	96938851	96966848	96938849
NR_029481	MIRLET7D	chr9	96941115	96941202	96941113
NM_001301275	ZNF169	chr9	97021547	97064111	97021545
NM_017561	NUTM2F	chr9	97080477	97090926	97080475
NR_033937	LOC100132077	chr9	97094757	97123230	97094755
NM_032558	MFSD14B	chr9	97136832	97223202	97136830
NR_121566	PCAT7	chr9	97317326	97331038	97317324
NM_003837	FBP2	chr9	97320995	97356114	97320993
NM_000507	FBP1	chr9	97365420	97401923	97365418
NM_001193331	C9orf3	chr9	97488950	97695955	97488948
NR_031755	MIR2278	chr9	97572243	97572339	97572241
NR_147613	LOC101928119	chr9	97689301	97707836	97689299
NR_106729	MIR6081	chr9	97827631	97827728	97827629
NR_029664	MIR23B	chr9	97847489	97847586	97847487
NR_029665	MIR27B	chr9	97847726	97847823	97847724
NR_036109	MIR3074	chr9	97848295	97848376	97848293
NR_029496	MIR24-1	chr9	97848302	97848370	97848300
NM_000136	FANCC	chr9	97861335	98079991	97861333
NM_000264	PTCH1	chr9	98205261	98270831	98205259
NR_038982	LOC100507346	chr9	98225890	98232301	98225888
NR_023390	LINC00476	chr9	98568369	98638259	98568367
NM_001010895	ERCC6L2	chr9	98637899	98731122	98637897
NR_024129	LINC00092	chr9	98782013	98784093	98782011
NR_033838	LOC158435	chr9	98828120	98864194	98828118
NR_132344	LOC158434	chr9	98868942	98878693	98868940
NM_000197	HSD17B3	chr9	98997588	99064434	98997586
NR_146524	HSD17B3-AS1	chr9	99008744	99012543	99008742
NR_104627	SLC35D2	chr9	99075718	99145992	99075716
NM_153695	ZNF367	chr9	99148224	99180669	99148222
NM_014282	HABP4	chr9	99212436	99253618	99212434
NM_001077181	CDC14B	chr9	99262389	99329258	99262387
NM_153698	PRXL2C	chr9	99403532	99417599	99403530
NR_026792	LOC441455	chr9	99488102	99489749	99488100
NM_001314059	ZNF510	chr9	99516830	99540348	99516828
NM_001001662	ZNF782	chr9	99578552	99616770	99578550
NR_038890	LOC100132781	chr9	99631181	99634510	99631179
NR_028350	LOC441454	chr9	99671356	99672737	99671354
NM_001045477	NUTM2G	chr9	99691285	99704572	99691283
NM_001355229	MFSD14C	chr9	99705194	99775964	99705192
NM_001201575	CTSV	chr9	99791958	99801925	99791956
NR_002942	GAS2L1P2	chr9	99837952	99844227	99837950
NR_136286	ANKRD18CP	chr9	99918174	100001024	99918172
NR_036526	SUGT1P4-STRA6LP	chr9	100000707	100059596	100000705
NR_036527	SUGT1P4-STRA6LP-CCDC180	chr9	100000707	100139577	100000705
NM_001348010	CCDC180	chr9	100069642	100108095	100069640
NR_031637	MIR1302-8	chr9	100125835	100125963	100125833
NR_026847	LOC286359	chr9	100153118	100158973	100153116
NM_001302884	TDRD7	chr9	100174301	100258405	100174299
NM_001166116	TMOD1	chr9	100263461	100364025	100263459
NM_139246	TSTD2	chr9	100362361	100395962	100362359
NM_001351504	NCBP1	chr9	100395704	100436029	100395702
NM_000380	XPA	chr9	100437190	100459691	100437188
NR_147055	PTCSC2	chr9	100461906	100615362	100461904
NM_004473	FOXE1	chr9	100615536	100618997	100615534
NM_001330725	TRMO	chr9	100666770	100684852	100666768
NM_018437	HEMGN	chr9	100689072	100707197	100689070
NM_006401	ANP32B	chr9	100745488	100778224	100745486
NM_018946	NANS	chr9	100818958	100845365	100818956
NM_014788	TRIM14	chr9	100846634	100881635	100846632
NM_003389	CORO2A	chr9	100883256	100935174	100883254
NM_001267571	TBC1D2	chr9	100961279	101018003	100961277
NR_106913	MIR6854	chr9	100991430	100991499	100991428
NM_005458	GABBR2	chr9	101050363	101471479	101050361
NM_173551	ANKS6	chr9	101494290	101558824	101494288
NM_024642	GALNT12	chr9	101569980	101612363	101569978
NM_001855	COL15A1	chr9	101705994	101833074	101705992
NM_001130916	TGFBR1	chr9	101867370	101916473	101867368
NM_033087	ALG2	chr9	101978706	101984246	101978704
NM_006808	SEC61B	chr9	101984569	101992901	101984567
NR_102270	NAMA	chr9	102117621	102137539	102117619
NR_109802	LOC101928438	chr9	102348067	102582171	102348065
NM_006981	NR4A3	chr9	102584136	102629173	102584134
NR_038853	STX17-AS1	chr9	102648599	102668883	102648597
NM_017919	STX17	chr9	102668914	102736818	102668912
NM_015051	ERP44	chr9	102741462	102861334	102741460
NM_001318381	INVS	chr9	102861466	103064457	102861464
NM_001161584	TEX10	chr9	103064356	103114853	103064354
NM_001198807	MSANTD3	chr9	103189494	103214016	103189492
NM_001198812	MSANTD3-TMEFF1	chr9	103204187	103339918	103204185
NM_003692	TMEFF1	chr9	103235519	103339918	103235517
NM_001018116	CAVIN4	chr9	103340360	103350669	103340358
NM_207299	PLPPR1	chr9	103791030	104087417	103791028
NM_001127610	BAAT	chr9	104122698	104145801	104122696
NM_019051	MRPL50	chr9	104152248	104160919	104152246
NM_001278231	ZNF189	chr9	104161135	104172942	104161133
NM_000035	ALDOB	chr9	104182841	104198056	104182839
NR_121573	TMEM246-AS1	chr9	104230720	104243788	104230718
NM_001303107	TMEM246	chr9	104235439	104249503	104235437
NM_019592	RNF20	chr9	104296130	104325626	104296128
NM_133445	GRIN3A	chr9	104331633	104500862	104331631
NM_147180	PPP3R2	chr9	104353896	104357283	104353894
NR_103830	LINC00587	chr9	105281918	105419791	105281916
NM_001340	CYLC2	chr9	105757592	105780770	105757590
NR_121578	LINC01492	chr9	105902809	106087315	105902807
NR_109803	LOC101928523	chr9	106761989	106762763	106761987
NR_121580	SMC2-AS1	chr9	106842304	106854755	106842302
NM_001042551	SMC2	chr9	106856540	106903700	106856538
NR_135141	LOC105376194	chr9	107032509	107048859	107032507
NM_001004485	OR13F1	chr9	107266543	107267503	107266541
NM_001001919	OR13C4	chr9	107288533	107289490	107288531
NM_001001961	OR13C3	chr9	107298050	107299094	107298048
NM_001004483	OR13C8	chr9	107331448	107332411	107331446
NM_001004482	OR13C5	chr9	107360737	107361694	107360735
NM_001004481	OR13C2	chr9	107366951	107367908	107366949
NM_001001956	OR13C9	chr9	107379528	107380485	107379526
NM_001004484	OR13D1	chr9	107456702	107457743	107456700
NM_001329570	NIPSNAP3A	chr9	107509848	107522405	107509846
NM_018376	NIPSNAP3B	chr9	107526021	107540045	107526019
NM_005502	ABCA1	chr9	107543283	107690527	107543281
NM_001330731	SLC44A1	chr9	108006885	108200796	108006883
NM_001145313	FSD1L	chr9	108210314	108314714	108210312
NM_001079802	FKTN	chr9	108320410	108403399	108320408
NM_005421	TAL2	chr9	108424737	108425385	108424735
NM_018112	TMEM38B	chr9	108456805	108538892	108456803
NR_107048	MIR8081	chr9	109363208	109363303	109363206
NR_104145	LINC01505	chr9	109378338	109442081	109378336
NM_001347997	ZNF462	chr9	109625377	109775915	109625375
NR_126029	LOC340512	chr9	109737113	109865269	109737111
NM_002874	RAD23B	chr9	110045516	110094475	110045514
NR_121581	LINC01509	chr9	110182564	110228866	110182562
NM_004235	KLF4	chr9	110247132	110252001	110247130
NM_006686	ACTL7B	chr9	111616868	111618275	111616866
NM_006687	ACTL7A	chr9	111624507	111626035	111624505
NM_001330749	ELP1	chr9	111629796	111696612	111629794
NM_017832	FAM206A	chr9	111696672	111703237	111696670
NM_001286974	CTNNAL1	chr9	111704848	111775874	111704846
NM_032012	TMEM245	chr9	111777414	111882225	111777412
NR_029506	MIR32	chr9	111808508	111808578	111808506
NM_014334	FRRS1L	chr9	111892572	111929571	111892570
NM_019114	EPB41L4B	chr9	111934253	112083244	111934251
NM_001145368	PTPN3	chr9	112137973	112260593	112137971
NR_037493	MIR3927	chr9	112273754	112273825	112273752
NM_001037293	PALM2	chr9	112403067	112713756	112403065
NM_007203	PALM2-AKAP2	chr9	112542576	112934791	112542574
NM_001004065	AKAP2	chr9	112810877	112934791	112810875
NM_001012993	C9orf152	chr9	112961845	112970413	112961843
NM_001244938	TXN	chr9	113006091	113018920	113006089
NM_001364963	TXNDC8	chr9	113065757	113100143	113065755
NM_153366	SVEP1	chr9	113127528	113342160	113127526
NM_001166280	MUSK	chr9	113431050	113563278	113431048
NM_001351397	LPAR1	chr9	113635531	113801539	113635529
NR_106989	MIR7702	chr9	114033435	114033494	114033433
NM_205859	OR2K2	chr9	114089762	114090713	114089760
NM_001364929	ECPAS	chr9	114122964	114246663	114122962
NM_001007169	ZNF483	chr9	114287438	114340397	114287436
NM_001146109	PTGR1	chr9	114312001	114362135	114311999
NR_034087	LRRC37A5P	chr9	114365110	114375833	114365108
NM_001015882	DNAJC25	chr9	114393631	114416631	114393629
NM_004125	DNAJC25-GNG10	chr9	114393631	114432526	114393629
NM_001017998	GNG10	chr9	114423850	114432526	114423848
NM_001080551	C9orf84	chr9	114448798	114521813	114448796
NM_003358	UGCG	chr9	114659045	114697654	114659043
NR_039814	MIR4668	chr9	114694379	114694449	114694377
NM_001282640	SUSD1	chr9	114803060	114937577	114803058
NM_001163788	PTBP3	chr9	114979994	115095944	114979992
NM_001195822	HSDL2	chr9	115142188	115234685	115142186
NM_001350649	C9orf147	chr9	115214082	115249467	115214080
NM_001287036	KIAA1958	chr9	115249247	115427591	115249245
NM_001329585	INIP	chr9	115446228	115480429	115446226
NM_001012994	SNX30	chr9	115513133	115637267	115513131
NM_033051	SLC46A2	chr9	115641199	115653193	115641197
NM_001101338	ZNF883	chr9	115759399	115774472	115759397
NM_001282515	ZFP37	chr9	115804094	115819071	115804092
NR_024376	FAM225B	chr9	115867002	115873957	115867000
NR_024366	FAM225A	chr9	115875175	115882126	115875173
NM_001860	SLC31A2	chr9	115913237	115926422	115913235
NM_015258	FKBP15	chr9	115927799	115983641	115927797
NM_001859	SLC31A1	chr9	115983807	116026772	115983805
NM_139286	CDC26	chr9	116029289	116037869	116029287
NM_001244926	PRPF4	chr9	116037913	116055185	116037911
NM_145051	RNF183	chr9	116059372	116061320	116059370
NM_001006615	WDR31	chr9	116075501	116102620	116075499
NM_001317943	BSPRY	chr9	116111811	116133513	116111809
NM_001304509	HDHD3	chr9	116135695	116139289	116135693
NM_000031	ALAD	chr9	116148591	116163618	116148589
NM_017443	POLE3	chr9	116169517	116173029	116169515
NM_001278629	C9orf43	chr9	116172923	116191964	116172921
NM_144488	RGS3	chr9	116207008	116360023	116207006
NM_001318040	ZNF618	chr9	116638561	116818875	116638559
NM_001633	AMBP	chr9	116822407	116840752	116822405
NM_138424	KIF12	chr9	116853917	116861337	116853915
NM_032888	COL27A1	chr9	116917824	117074796	116917822
NR_030255	MIR455	chr9	116971713	116971809	116971711
NM_000607	ORM1	chr9	117085302	117088759	117085300
NM_000608	ORM2	chr9	117092068	117095536	117092066
NM_001317950	AKNA	chr9	117098406	117150243	117098404
NM_001083885	WHRN	chr9	117164359	117265495	117164357
NM_004888	ATP6V1G1	chr9	117349993	117361152	117349991
NM_001330760	TMEM268	chr9	117373599	117408704	117373597
NM_001354645	TEX53	chr9	117418583	117420103	117418581
NM_001199233	TEX48	chr9	117428713	117444369	117428711
NM_001204344	TNFSF15	chr9	117546914	117554810	117546912
NM_001252290	TNFSF8	chr9	117655622	117692875	117655620
NM_002160	TNC	chr9	117781853	117880536	117781851
NR_110950	LOC101928748	chr9	117881818	117900688	117881816
NM_017418	DEC1	chr9	117904096	118164923	117904094
NR_109805	LOC101928775	chr9	118501948	118506518	118501946
NR_024032	LINC00474	chr9	118650442	118687486	118650440
NM_002581	PAPPA	chr9	118916070	119164600	118916068
NR_103711	PAPPA-AS1	chr9	119160436	119162885	119160434
NM_001365068	ASTN2	chr9	119185390	120177335	119185388
NR_033973	ASTN2-AS1	chr9	119266561	119324572	119266559
NM_001099679	TRIM32	chr9	119449580	119463579	119449578
NR_003708	SNORA70C	chr9	119943344	119943480	119943342
NR_109806	LOC101928797	chr9	120410883	120419304	120410881
NM_003266	TLR4	chr9	120466452	120479769	120466450
NR_151725	LINC02578	chr9	121441948	121507590	121441946
NM_014618	BRINP1	chr9	121928907	122131739	121928905
NR_132393	LINC01613	chr9	122697337	122700110	122697335
NR_029604	MIR147A	chr9	123007256	123007328	123007254
NM_001011649	CDK5RAP2	chr9	123151146	123342448	123151144
NM_001080497	MEGF9	chr9	123363195	123476765	123363193
NM_012164	FBXW2	chr9	123519253	123555740	123519251
NR_027442	B3GNT10	chr9	123555773	123564006	123555771
NM_001270427	PSMD5	chr9	123578331	123605299	123578329
NR_024408	CUTALP	chr9	123605352	123616651	123605350
NM_001286840	PHF19	chr9	123617928	123657174	123617926
NM_001190945	TRAF1	chr9	123664670	123691451	123664668
NR_148450	C5-OT1	chr9	123704529	123715109	123704527
NM_001317163	C5	chr9	123714613	123837452	123714611
NM_007018	CNTRL	chr9	123850573	123939886	123850571
NM_016322	RAB14	chr9	123940414	123964365	123940412
NM_001353053	GSN	chr9	123963760	124095120	123963758
NR_103560	GSN-AS1	chr9	124043045	124047808	124043043
NM_001270526	STOM	chr9	124101265	124132582	124101263
NR_003191	GGTA1P	chr9	124217318	124262306	124217316
NM_032552	DAB2IP	chr9	124329380	124547809	124329378
NM_001139442	TTLL11	chr9	124584203	124855885	124584201
NR_039690	MIR4478	chr9	124882360	124882446	124882358
NM_001318195	NDUFA8	chr9	124894744	124922098	124894742
NM_001286828	MORN5	chr9	124922186	124962367	124922184
NM_001242333	LHX6	chr9	124964855	124990707	124964853
NM_033117	RBM18	chr9	125001833	125027143	125001831
NM_001173512	MRRF	chr9	125026881	125087594	125026879
NM_001271166	PTGS1	chr9	125132808	125157982	125132806
NM_001004451	OR1J1	chr9	125239236	125240205	125239234
NM_054107	OR1J2	chr9	125273080	125274022	125273078
NM_001004452	OR1J4	chr9	125281419	125282361	125281417
NM_012363	OR1N1	chr9	125288636	125289572	125288634
NM_001004457	OR1N2	chr9	125315448	125316441	125315446
NM_001004454	OR1L8	chr9	125329826	125330756	125329824
NM_012364	OR1Q1	chr9	125377016	125377961	125377014
NM_001004450	OR1B1	chr9	125390857	125391814	125390855
NM_001005236	OR1L1	chr9	125423994	125424927	125423992
NM_001005234	OR1L3	chr9	125437408	125438383	125437406
NM_001005235	OR1L4	chr9	125486268	125487204	125486266
NM_001004453	OR1L6	chr9	125512126	125513062	125512124
NM_001001923	OR5C1	chr9	125551211	125552174	125551209
NM_080859	OR1K1	chr9	125562401	125563352	125562399
NM_005388	PDCL	chr9	125580375	125590935	125580373
NM_001100588	RC3H2	chr9	125606843	125667630	125606841
NR_003071	SNORD90	chr9	125642491	125642598	125642489
NM_006626	ZBTB6	chr9	125670334	125675607	125670332
NM_001304363	ZBTB26	chr9	125680307	125693792	125680305
NM_012197	RABGAP1	chr9	125703287	125867147	125703285
NM_005294	GPR21	chr9	125795921	125797944	125795919
NR_026677	MIR600HG	chr9	125871772	125877756	125871770
NR_030331	MIR600	chr9	125873824	125873922	125873822
NM_001171137	STRBP	chr9	125883907	126030855	125883905
NM_173689	CRB2	chr9	126118445	126141034	126118443
NM_001352964	DENND1A	chr9	126141932	126692417	126141930
NR_030332	MIR601	chr9	126164803	126164882	126164801
NR_106972	MIR7150	chr9	126247807	126247901	126247805
NR_135129	LOC100505588	chr9	126768555	126771675	126768553
NM_004789	LHX2	chr9	126773888	126795442	126773886
NM_001166167	NEK6	chr9	127019884	127114719	127019882
NR_149024	LOC613206	chr9	127021488	127023447	127021486
NM_002799	PSMB7	chr9	127115743	127177752	127115741
NR_027406	LOC100129034	chr9	127115751	127121463	127115749
NM_004959	NR5A1	chr9	127243514	127269699	127243512
NM_001278546	NR6A1	chr9	127279553	127533589	127279551
NR_038975	MIR181A2HG	chr9	127420714	127460907	127420712
NR_029611	MIR181A2	chr9	127454720	127454830	127454718
NR_029782	MIR181B2	chr9	127455988	127456077	127455986
NM_182487	OLFML2A	chr9	127539436	127577170	127539434
NM_001045476	WDR38	chr9	127615695	127620170	127615693
NM_007209	RPL35	chr9	127620157	127624240	127620155
NM_030978	ARPC5L	chr9	127624396	127640012	127624394
NM_002077	GOLGA1	chr9	127640572	127703386	127640570
NM_001144877	SCAI	chr9	127704887	127905838	127704885
NM_001123355	PPP6C	chr9	127908851	127952218	127908849
NR_135145	LOC105376271	chr9	127961811	127962675	127961809
NM_001174152	RABEPK	chr9	127962820	127996438	127962818
NM_005347	HSPA5	chr9	127997126	128003666	127997124
NM_001282679	GAPVD1	chr9	128024072	128127290	128024070
NM_001006617	MAPKAP1	chr9	128199672	128469513	128199670
NR_122032	LOC51145	chr9	128506033	128508208	128506031
NM_001330782	PBX3	chr9	128509616	128729655	128509614
NR_121584	LOC101929116	chr9	129032402	129038194	129032400
NM_001011703	MVB12B	chr9	129089122	129159912	129089120
NR_045006	NRON	chr9	129170053	129172783	129170051
NM_001174146	LMX1B	chr9	129376721	129463311	129376719
NM_001135776	ZBTB43	chr9	129567284	129600487	129567282
NM_001099270	ZBTB34	chr9	129622943	129648156	129622941
NM_001190729	RALGPS1	chr9	129677052	129979724	129677050
NM_012098	ANGPTL2	chr9	129849627	129885044	129849625
NM_001286779	GARNL3	chr9	130025940	130155828	130025938
NM_001271711	SLC2A8	chr9	130159416	130170170	130159414
NM_001286696	ZNF79	chr9	130186652	130207651	130186650
NM_000976	RPL12	chr9	130209952	130213711	130209950
NR_002449	SNORA65	chr9	130210780	130210916	130210778
NM_001005373	LRSAM1	chr9	130213764	130265780	130213762
NM_001035534	FAM129B	chr9	130267616	130341286	130267614
NM_001032221	STXBP1	chr9	130374485	130454995	130374483
NR_037473	MIR3911	chr9	130452965	130453074	130452963
NM_001012502	CFAP157	chr9	130469270	130476303	130469268
NM_001002913	PTRH1	chr9	130475941	130477955	130475939
NM_001317037	TTC16	chr9	130478342	130493879	130478340
NM_001085347	TOR2A	chr9	130493802	130497628	130493800
NM_001142531	SH2D3C	chr9	130500595	130524719	130500593
NR_039767	MIR3960	chr9	130548111	130548202	130548109
NR_036055	MIR2861	chr9	130548196	130548286	130548194
NM_001261	CDK9	chr9	130548304	130553052	130548302
NM_001288803	FPGS	chr9	130565136	130576360	130565134
NM_000118	ENG	chr9	130577290	130617052	130577288
NR_136302	LOC102723566	chr9	130578344	130584799	130578342
NM_000476	AK1	chr9	130628758	130640022	130628756
NR_039819	MIR4672	chr9	130631693	130631774	130631691
NM_001286999	ST6GALNAC6	chr9	130647599	130661927	130647597
NM_175039	ST6GALNAC4	chr9	130670164	130679305	130670162
NM_001135219	PIP5KL1	chr9	130683807	130693076	130683805
NM_003863	DPM2	chr9	130697373	130700763	130697371
NM_001035254	FAM102A	chr9	130702860	130742812	130702858
NM_197956	NAIF1	chr9	130823511	130829599	130823509
NM_001006641	SLC25A25	chr9	130830478	130871537	130830476
NR_033374	SLC25A25-AS1	chr9	130873449	130881013	130873447
NM_001256335	PTGES2	chr9	130882971	130890467	130882969
NR_024425	PTGES2-AS1	chr9	130890807	130892913	130890805
NM_005564	LCN2	chr9	130911708	130915734	130911706
NM_024112	C9orf16	chr9	130922538	130926207	130922536
NM_001131015	CIZ1	chr9	130928343	130966662	130928341
NM_001005336	DNM1	chr9	130965633	131017527	130965631
NR_029619	MIR199B	chr9	131006999	131007109	131006997
NR_036110	MIR3154	chr9	131007225	131007309	131007223
NM_004486	GOLGA2	chr9	131018107	131038268	131018105
NM_001318092	SWI5	chr9	131037657	131051268	131037655
NM_001329861	TRUB2	chr9	131071378	131085059	131071376
NM_001305942	COQ4	chr9	131084786	131096351	131084784
NM_005094	SLC27A4	chr9	131102838	131123749	131102836
NR_031672	MIR1268A	chr9	131114325	131424415	131114323
NM_001135947	URM1	chr9	131133597	131154295	131133595
NR_029837	MIR219A2	chr9	131154896	131154993	131154894
NR_039815	MIR219B	chr9	131154899	131154987	131154897
NM_001286760	CERCAM	chr9	131181438	131199630	131181436
NM_001351584	ODF2	chr9	131217433	131263571	131217431
NM_001003722	GLE1	chr9	131266970	131304580	131266968
NM_001130438	SPTAN1	chr9	131314836	131395944	131314834
NM_052844	WDR34	chr9	131395939	131419129	131395937
NM_001122821	SET	chr9	131445933	131458675	131445931
NM_001317926	PKN3	chr9	131464782	131483199	131464780
NM_001318015	ZDHHC12	chr9	131483148	131486408	131483146
NR_046240	LOC100506100	chr9	131486740	131495522	131486738
NM_006336	ZER1	chr9	131492066	131534213	131492064
NM_001286772	TBC1D13	chr9	131549485	131572711	131549483
NM_004435	ENDOG	chr9	131580778	131584955	131580776
NM_016390	SPOUT1	chr9	131581929	131592100	131581927
NM_001122671	KYAT1	chr9	131595391	131644354	131595389
NM_001127245	LRRC8A	chr9	131644390	131680317	131644388
NM_001100876	PHYHD1	chr9	131683173	131704320	131683171
NM_014908	DOLK	chr9	131707808	131710012	131707806
NM_015354	NUP188	chr9	131709971	131769375	131709969
NM_001287045	SH3GLB2	chr9	131770071	131790632	131770069
NM_001329990	MIGA2	chr9	131798789	131834361	131798787
NM_001135917	DOLPP1	chr9	131843382	131852717	131843380
NM_000755	CRAT	chr9	131857072	131873077	131857070
NM_021131	PTPA	chr9	131873227	131911225	131873225
NM_203434	IER5L	chr9	131937830	131940540	131937828
NR_121587	LOC101929331	chr9	132044694	132047998	132044692
NR_149714	C9orf106	chr9	132083294	132084882	132083292
NR_120685	LINC01503	chr9	132099201	132109756	132099199
NR_038955	LINC00963	chr9	132250938	132275965	132250936
NM_001286796	NTMT1	chr9	132371162	132398410	132371160
NM_199350	C9orf50	chr9	132374503	132383055	132374501
NM_001202403	ASB6	chr9	132396882	132404448	132396880
NM_016307	PRRX2	chr9	132427919	132484951	132427917
NR_132102	PRRX2-AS1	chr9	132475172	132480985	132475170
NM_004878	PTGES	chr9	132500614	132515344	132500612
NM_001317893	TOR1B	chr9	132565421	132573568	132565419
NM_000113	TOR1A	chr9	132575220	132586441	132575218
NM_016520	C9orf78	chr9	132589563	132597572	132589561
NM_001008563	USP20	chr9	132597695	132644117	132597693
NR_106914	MIR6855	chr9	132631883	132631950	132631881
NM_015033	FNBP1	chr9	132649465	132805473	132649463
NM_001136557	GPR107	chr9	132815984	132902448	132815982
NR_135124	GPRACR	chr9	132902888	132906498	132902886
NM_014286	NCS1	chr9	132934856	132999583	132934854
NM_001291815	HMCN2	chr9	133028157	133309510	133028155
NM_000050	ASS1	chr9	133320093	133376661	133320091
NR_027440	LOC100272217	chr9	133452736	133454881	133452734
NM_003934	FUBP3	chr9	133454959	133513739	133454957
NR_106915	MIR6856	chr9	133501683	133501750	133501681
NM_021619	PRDM12	chr9	133539980	133558384	133539978
NM_001282708	EXOSC2	chr9	133569146	133580281	133569144
NM_007313	ABL1	chr9	133589267	133763062	133589265
NM_198180	QRFP	chr9	133768814	133772199	133768812
NM_001145106	FIBCD1	chr9	133777824	133814455	133777822
NM_006059	LAMC3	chr9	133884503	133968446	133884501
NM_001185095	AIF1L	chr9	133971862	133998539	133971860
NM_001318324	NUP214	chr9	134000947	134110057	134000945
NM_033387	FAM78A	chr9	134133464	134151906	134133462
NM_032728	PLPP7	chr9	134165080	134184649	134165078
NM_013318	PRRC2B	chr9	134305476	134375575	134305474
NR_002914	SNORD62A	chr9	134361051	134361137	134361049
NR_003050	SNORD62B	chr9	134361051	134361137	134361049
NM_001077365	POMT1	chr9	134378288	134399193	134378286
NM_001135954	UCK1	chr9	134399182	134406662	134399180
NM_001304275	RAPGEF1	chr9	134452156	134615331	134452154
NM_001253881	MED27	chr9	134735496	134955274	134735494
NM_032536	NTNG2	chr9	135037333	135119918	135037331
NM_001351527	SETX	chr9	135136742	135230243	135136740
NR_134525	TTF1	chr9	135250934	135282238	135250932
NM_001282957	CFAP77	chr9	135285582	135448706	135285580
NM_020064	BARHL1	chr9	135457992	135465640	135457990
NM_001322340	DDX31	chr9	135468383	135545788	135468381
NM_012204	GTF3C4	chr9	135545421	135570342	135545419
NM_001317958	AK8	chr9	135600964	135754198	135600962
NM_001316898	SPACA9	chr9	135753706	135765419	135753704
NM_000368	TSC1	chr9	135766734	135820020	135766732
NM_004188	GFI1B	chr9	135820931	135867084	135820929
NR_049862	MIR548AW	chr9	135821093	135821158	135821091
NR_132980	SNORD141A	chr9	135895816	135895921	135895814
NR_132981	SNORD141B	chr9	135895816	135895921	135895814
NR_135119	LOC105376306	chr9	135903538	135905809	135903536
NM_001122823	GTF3C5	chr9	135906061	135933890	135906059
NR_106937	MIR6877	chr9	135927382	135927446	135927380
NM_001807	CEL	chr9	135937364	135947250	135937362
NR_001275	CELP	chr9	135957925	135962478	135957923
NM_001042368	RALGDS	chr9	135973106	136024607	135973104
NM_001282629	GBGT1	chr9	136028334	136039332	136028332
NM_001288987	OBP2B	chr9	136080665	136084637	136080663
NM_020469	ABO	chr9	136130562	136150630	136130560
NM_001278942	SURF6	chr9	136197542	136203047	136197540
NM_133640	MED22	chr9	136207750	136215011	136207748
NM_000972	RPL7A	chr9	136215068	136218280	136215066
NR_002447	SNORD24	chr9	136216250	136216325	136216248
NR_000017	SNORD36B	chr9	136216948	136217019	136216946
NR_002448	SNORD36A	chr9	136217310	136217382	136217308
NR_000016	SNORD36C	chr9	136217700	136217767	136217698
NM_001280787	SURF1	chr9	136218659	136223361	136218657
NM_001278928	SURF2	chr9	136223420	136228041	136223418
NM_001280788	SURF4	chr9	136228324	136244820	136228322
NM_153710	STKLD1	chr9	136243283	136271220	136243281
NM_001279349	REXO4	chr9	136271181	136283216	136271179
NR_024514	ADAMTS13	chr9	136279458	136324525	136279456
NM_001135775	CACFD1	chr9	136325086	136335909	136325084
NM_001145099	SLC2A6	chr9	136336215	136344276	136336213
NM_001080483	MYMK	chr9	136379707	136390068	136379705
NM_001145320	ADAMTSL2	chr9	136397285	136440641	136397283
NM_001080515	FAM163B	chr9	136443536	136445368	136443534
NM_000787	DBH	chr9	136501484	136524466	136501482
NR_102735	DBH-AS1	chr9	136519708	136522530	136519706
NM_001134707	SARDH	chr9	136528683	136603479	136528681
NM_001134398	VAV2	chr9	136627015	136857446	136627013
NM_001355256	BRD3OS	chr9	136890514	136893224	136890512
NM_007371	BRD3	chr9	136895445	136933141	136895443
NR_135126	LOC100130548	chr9	136919411	136923927	136919409
NM_017588	WDR5	chr9	137001209	137025094	137001207
NR_023344	RNU6ATAC	chr9	137029561	137029686	137029559
NR_146518	LINC02247	chr9	137185776	137187243	137185774
NM_002957	RXRA	chr9	137218308	137332432	137218306
NR_039816	MIR4669	chr9	137271256	137271318	137271254
NM_000093	COL5A1	chr9	137533650	137736688	137533648
NR_138049	COL5A1-AS1	chr9	137541230	137544689	137541228
NR_103451	LOC101448202	chr9	137711260	137764464	137711258
NR_037460	MIR3689A	chr9	137741020	137742490	137741018
NR_039691	MIR3689C	chr9	137741143	137741215	137741141
NR_039693	MIR3689D1	chr9	137741454	137741528	137741452
NR_037469	MIR3689B	chr9	137741970	137742118	137741968
NR_039694	MIR3689D2	chr9	137742122	137742202	137742120
NR_039695	MIR3689E	chr9	137742415	137742487	137742413
NR_039696	MIR3689F	chr9	137742587	137742653	137742585
NM_004108	FCN2	chr9	137772657	137779366	137772655
NM_002003	FCN1	chr9	137795081	137809849	137795079
NM_014279	OLFM1	chr9	137967088	138013030	137967086
NR_046107	LOC401557	chr9	138073454	138079152	138073452
NM_173520	C9orf62	chr9	138235094	138238404	138235092
NR_038969	PPP1R26-AS1	chr9	138354564	138364095	138354562
NM_014811	PPP1R26	chr9	138371647	138380739	138371645
NM_001048265	C9orf116	chr9	138387025	138391761	138387023
NM_016034	MRPS2	chr9	138392476	138396519	138392474
NR_121579	LOC101928525	chr9	138395118	138398293	138395116
NM_001252617	LCN1	chr9	138413283	138418386	138413281
NM_001293189	OBP2A	chr9	138437984	138441815	138437982
NM_001018048	PAEP	chr9	138453601	138458622	138453599
NR_034016	LINC01502	chr9	138466770	138478958	138466768
NM_182974	GLT6D1	chr9	138515501	138531386	138515499
NM_001001676	LCN9	chr9	138555167	138557755	138555165
NM_001012415	SOHLH1	chr9	138585254	138591374	138585252
NM_001272003	KCNT1	chr9	138594030	138684993	138594028
NM_015447	CAMSAP1	chr9	138700332	138799005	138700330
NM_016172	UBAC1	chr9	138824814	138853226	138824812
NM_144653	NACC2	chr9	138898382	138987131	138898380
NM_001256526	TMEM250	chr9	139006426	139010277	139006424
NM_001363746	LHX3	chr9	139088095	139093520	139088093
NM_181701	QSOX2	chr9	139098181	139137687	139098179
NR_026964	DKFZP434A062	chr9	139216997	139221779	139216995
NM_001145638	GPSM1	chr9	139221931	139254057	139221929
NM_001080849	DNLZ	chr9	139256351	139258263	139256349
NM_052813	CARD9	chr9	139258407	139268133	139258405
NM_003086	SNAPC4	chr9	139270020	139292889	139270018
NM_001039707	ENTR1	chr9	139296373	139305054	139296371
NM_001282944	PMPCA	chr9	139305024	139318213	139305022
NM_001318502	INPP5E	chr9	139323066	139334274	139323064
NM_001276418	SEC16A	chr9	139334547	139378211	139334545
NM_152571	C9orf163	chr9	139377946	139380519	139377944
NM_017617	NOTCH1	chr9	139388884	139440500	139388882
NR_039820	MIR4673	chr9	139414019	139414078	139414017
NR_039821	MIR4674	chr9	139440624	139440711	139440622
NR_121577	NALT1	chr9	139442293	139444196	139442291
NR_135288	LINC01451	chr9	139506479	139511633	139506477
NR_135132	HSPC324	chr9	139543061	139554873	139543059
NR_046367	EGFL7	chr9	139553307	139567130	139553305
NR_029695	MIR126	chr9	139565053	139565138	139565051
NM_001012727	AGPAT2	chr9	139567594	139581911	139567592
NM_152421	FAM69B	chr9	139607023	139619170	139607021
NR_024542	SNHG7	chr9	139619045	139622636	139619043
NR_002975	SNORA17B	chr9	139620555	139620689	139620553
NR_002958	SNORA17A	chr9	139621198	139621331	139621196
NM_001001712	LCN10	chr9	139632618	139637411	139632616
NM_198946	LCN6	chr9	139638468	139642980	139638466
NR_033913	LOC100128593	chr9	139640612	139644363	139640610
NR_106780	MIR6722	chr9	139641344	139641422	139641342
NM_001345934	LCN8	chr9	139648839	139652995	139648837
NM_203347	LCN15	chr9	139654085	139658965	139654083
NM_032928	TMEM141	chr9	139685776	139687769	139685774
NM_001039374	CCDC183	chr9	139690789	139702193	139690787
NR_024580	CCDC183-AS1	chr9	139698378	139703300	139698376
NM_001173988	RABL6	chr9	139702373	139735639	139702371
NR_036251	MIR4292	chr9	139725408	139725475	139725406
NM_001080482	AJM1	chr9	139736957	139741797	139736955
NM_001135861	PHPT1	chr9	139743267	139745495	139743265
NM_206920	MAMDC4	chr9	139746818	139755251	139746816
NM_001281297	EDF1	chr9	139756565	139760788	139756563
NM_021138	TRAF2	chr9	139780964	139821067	139780962
NR_039697	MIR4479	chr9	139781184	139781255	139781182
NM_018998	FBXW5	chr9	139834884	139839206	139834882
NM_000606	C8G	chr9	139839694	139841427	139839692
NM_178536	LCN12	chr9	139846767	139849949	139846765
NM_001351145	PRR31	chr9	139863819	139867336	139863817
NM_000954	PTGDS	chr9	139871955	139876194	139871953
NM_207510	LCNL1	chr9	139877444	139880210	139877442
NM_001329678	PAXX	chr9	139886869	139888440	139886867
NM_004669	CLIC3	chr9	139889059	139891024	139889057
NM_001606	ABCA2	chr9	139901685	139922740	139901683
NM_207511	C9orf139	chr9	139921915	139931234	139921913
NM_004479	FUT7	chr9	139924625	139927292	139924623
NM_015392	NPDC1	chr9	139933908	139940676	139933906
NM_001246	ENTPD2	chr9	139942550	139948503	139942548
NM_178448	SAPCD2	chr9	139956578	139965028	139956576
NM_207309	UAP1L1	chr9	139971952	139978990	139971950
NR_027447	MAN1B1-DT	chr9	139979397	139981269	139979395
NM_016219	MAN1B1	chr9	139981378	140003639	139981376
NM_013379	DPP7	chr9	140004991	140009195	140004989
NM_000832	GRIN1	chr9	140033608	140063214	140033606
NM_001013653	LRRC26	chr9	140063211	140064491	140063209
NR_037416	MIR3621	chr9	140063637	140063722	140063635
NM_001282477	TMEM210	chr9	140065379	140066498	140065377
NM_013366	ANAPC2	chr9	140069235	140083057	140069233
NM_003731	SSNA1	chr9	140083053	140084822	140083051
NM_001128228	TPRN	chr9	140086068	140095163	140086066
NM_053045	TMEM203	chr9	140098534	140100090	140098532
NM_001144026	NDOR1	chr9	140100118	140113813	140100116
NM_031297	RNF208	chr9	140114698	140115775	140114696
NM_199001	CYSRT1	chr9	140119625	140120772	140119623
NM_001190228	RNF224	chr9	140122017	140124090	140122015
NM_001177316	SLC34A3	chr9	140125208	140131006	140125206
NM_006088	TUBB4B	chr9	140135710	140138159	140135708
NM_001001710	FAM166A	chr9	140138034	140142244	140138032
NR_038389	STPG3-AS1	chr9	140144670	140147949	140144668
NM_001004353	STPG3	chr9	140145712	140147935	140145710
NM_015456	NELFB	chr9	140149751	140168000	140149749
NM_017723	TOR4A	chr9	140172279	140177093	140172277
NM_001004354	NRARP	chr9	140194082	140196703	140194080
NM_017820	EXD3	chr9	140201345	140317714	140201343
NM_001256067	NOXA1	chr9	140317846	140328858	140317844
NM_001033113	ENTPD8	chr9	140328815	140335901	140328813
NM_001130969	NSMF	chr9	140342022	140353786	140342020
NR_106964	MIR7114	chr9	140344477	140344538	140344475
NM_001098537	PNPLA7	chr9	140354403	140445021	140354401
NM_032477	MRPL41	chr9	140446308	140447007	140446306
NM_001346370	DPH7	chr9	140448895	140473387	140448893
NM_138462	ZMYND19	chr9	140476530	140484937	140476528
NM_001317968	ARRDC1	chr9	140500091	140509812	140500089
NR_122035	ARRDC1-AS1	chr9	140509783	140513347	140509781
NM_001145527	EHMT1	chr9	140513443	140678845	140513441
NR_147508	LOC651337	chr9	140678524	140682858	140678522
NR_030333	MIR602	chr9	140732870	140732968	140732868
NR_121583	LOC100133077	chr9	140762376	140787022	140762374
NM_000718	CACNA1B	chr9	140772240	141019076	140772238
NR_132977	LOC105376331	chr9	140838081	140841512	140838079
NR_121582	LOC101928786	chr9	140934954	140939523	140934952
NR_027156	TUBBP5	chr9	141044564	141071885	141044562
NR_135133	LOC101928932	chr9	141090384	141093903	141090382
